Seller_ID_001,Seller Name 001,SellerDomain001.com,
Seller_ID_002,Seller Name 002,SellerDomain002.com,
Seller_ID_003,Seller Name 003,SellerDomain003.com,
Seller_ID_004,Seller Name 004,SellerDomain004.com,
Seller_ID_005,Seller Name 005,SellerDomain005.com,
561e8d936b8d90f61a0002fe,Kanti Nakum,
561e8d936b8d90f61a000576,Nowisgame,
561e8d936b8d90f61a000cc4,Uwan Studio,
561e8d936b8d90f61a000cc6,Geniteam solutions,
561e8d936b8d90f61a00112b,pixels on fire,
561e8d936b8d90f61a001249,Elektron Games,
561e8d936b8d90f61a001487,OziAppStudio,
561e8d946b8d90f61a0014e5,Digiverse Inc,
561e8d946b8d90f61a001672,smart media ltd.,"tap.pm,walliapp.com"
561e8d946b8d90f61a001782,flaviolosco,www.9app.it
561e8d946b8d90f61a001a27,A Small Game,
561e8d946b8d90f61a001cb8,Whiskers Developers,
561e8d946b8d90f61a00203b,RedAntz,
561e8d946b8d90f61a002089,Artoon Solutions Pvt. Ltd.,artoongames.com
561e8d946b8d90f61a002133,Jiratchaya Somyatawee,
561e8d946b8d90f61a002419,niip technologies,
561e8d946b8d90f61a0024c6,Firecracker Software,
561e8d956b8d90f61a002898,zzcove,tapfunstudio.com
561e8d956b8d90f61a002a68,virendra g dp kumre,
561e8d956b8d90f61a002cf1,Rapid Turtle Games,